{
  "Img_1": {
    "AreaSeg": 5649,
    "AreaGT": 6195,
    "PerimeterSeg": 268.12,
    "PerimeterGT": 284.464,
    "Precision": 0.95751460435475311,
    "Recall": 0.8731234866828087,
    "FalsePositiveRate": 0.000832804155692737,
    "RelAreaError": -0.088135593220338981,
    "Dice": 0.91337386018237077,
    "Jaccard": 0.84055944055944054,
    "CentroidEuclDistance": 3.8960401149795487
  },
  "Img_2": {
    "AreaSeg": 15476,
    "AreaGT": 18340,
    "PerimeterSeg": 467.96999999999997,
    "PerimeterGT": 509.55999999999989,
    "Precision": 0.9690488498319979,
    "Recall": 0.81772082878953112,
    "FalsePositiveRate": 0.00062362321180275276,
    "RelAreaError": -0.15616139585605235,
    "Dice": 0.88697657913413763,
    "Jaccard": 0.79690738083851431,
    "CentroidEuclDistance": 12.695181327422727
  },
  "Img_3": {
    "AreaSeg": 19466,
    "AreaGT": 24126,
    "PerimeterSeg": 506.52399999999994,
    "PerimeterGT": 556.584,
    "Precision": 0.9869516079317785,
    "Recall": 0.79631932355135537,
    "FalsePositiveRate": 0.00033319952879814666,
    "RelAreaError": -0.19315261543562962,
    "Dice": 0.88144613690585427,
    "Jaccard": 0.78802296964725183,
    "CentroidEuclDistance": 10.045331748043752
  },
  "Img_4": {
    "AreaSeg": 3309,
    "AreaGT": 4089,
    "PerimeterSeg": 205.712,
    "PerimeterGT": 227.596,
    "Precision": 0.86884255061952254,
    "Recall": 0.70310589386157984,
    "FalsePositiveRate": 0.0010569099751358275,
    "RelAreaError": -0.19075568598679385,
    "Dice": 0.77723709110570427,
    "Jaccard": 0.63564006190581468,
    "CentroidEuclDistance": 11.045275467644903
  },
  "Img_5": {
    "AreaSeg": 4148,
    "AreaGT": 6942,
    "PerimeterSeg": 229.912,
    "PerimeterGT": 307.546,
    "Precision": 0.98481195756991324,
    "Recall": 0.58844713339095367,
    "FalsePositiveRate": 0.00021917922598421909,
    "RelAreaError": -0.40247767214059349,
    "Dice": 0.73669972948602347,
    "Jaccard": 0.58315488936473947,
    "CentroidEuclDistance": 10.686861670171851
  },
  "Img_6": {
    "AreaSeg": 4136,
    "AreaGT": 4465,
    "PerimeterSeg": 231.176,
    "PerimeterGT": 239.48200000000003,
    "Precision": 0.94342359767891681,
    "Recall": 0.87390817469204929,
    "FalsePositiveRate": 0.00071770995316482481,
    "RelAreaError": -0.073684210526315783,
    "Dice": 0.90733635623764675,
    "Jaccard": 0.83038944456267294,
    "CentroidEuclDistance": 4.16738941492699
  },
  "Img_7": {
    "AreaSeg": 14207,
    "AreaGT": 16546,
    "PerimeterSeg": 444.35,
    "PerimeterGT": 483.02000000000004,
    "Precision": 0.956007601886394,
    "Recall": 0.8208630484709295,
    "FalsePositiveRate": 0.00055307091519520306,
    "RelAreaError": -0.14136347153390547,
    "Dice": 0.88329593860761557,
    "Jaccard": 0.79098479995340987,
    "CentroidEuclDistance": 5.7204229527208517
  },
  "Img_8": {
    "AreaSeg": 3069,
    "AreaGT": 3493,
    "PerimeterSeg": 197.44199999999998,
    "PerimeterGT": 209.11999999999998,
    "Precision": 0.9664385793418051,
    "Recall": 0.84912682507872894,
    "FalsePositiveRate": 0.00015462841890189803,
    "RelAreaError": -0.12138562839965646,
    "Dice": 0.90399268515696429,
    "Jaccard": 0.824805339265851,
    "CentroidEuclDistance": 1.2300667173758879
  },
  "Img_9": {
    "AreaSeg": 25711,
    "AreaGT": 18228,
    "PerimeterSeg": 619.41799999999989,
    "PerimeterGT": 541.078,
    "Precision": 0.67593636964723269,
    "Recall": 0.95342330480579329,
    "FalsePositiveRate": 0.010846077344038823,
    "RelAreaError": 0.41052227342549924,
    "Dice": 0.79105123011447687,
    "Jaccard": 0.65432981927710843,
    "CentroidEuclDistance": 17.358081880755279
  },
  "Img_10": {
    "AreaSeg": 7975,
    "AreaGT": 12732,
    "PerimeterSeg": 320.67,
    "PerimeterGT": 409.08799999999997,
    "Precision": 0.99423197492163007,
    "Recall": 0.62276154571159281,
    "FalsePositiveRate": 5.9454568954375079E-5,
    "RelAreaError": -0.37362551052466225,
    "Dice": 0.76582798087603221,
    "Jaccard": 0.6205196431366411,
    "CentroidEuclDistance": 13.195110603602144
  },
  "Img_11": {
    "AreaSeg": 15629,
    "AreaGT": 13310,
    "PerimeterSeg": 450.272,
    "PerimeterGT": 412.75199999999995,
    "Precision": 0.84618337705547375,
    "Recall": 0.99361382419233657,
    "FalsePositiveRate": 0.0031094704328682925,
    "RelAreaError": 0.17422990232907587,
    "Dice": 0.91399149936072432,
    "Jaccard": 0.8416062110220186,
    "CentroidEuclDistance": 2.9762079471713774
  },
  "overall_results": {
    "AreaSeg": 10797.727272727272,
    "AreaGT": 11678.727272727272,
    "PerimeterSeg": 358.32418181818178,
    "PerimeterGT": 380.02636363636356,
    "Precision": 0.92267191553085615,
    "Recall": 0.80840121720251445,
    "FalsePositiveRate": 0.0016823752482306451,
    "RelAreaError": -0.10508996435176118,
    "Dice": 0.851020826106141,
    "Jaccard": 0.74608363632122388,
    "CentroidEuclDistance": 8.4559972586195737
  }
}
