{
  "Img_1": {
    "AreaSeg": 5588,
    "AreaGT": 6195,
    "PerimeterSeg": 265.66400000000004,
    "PerimeterGT": 284.464,
    "Precision": 0.95597709377236939,
    "Recall": 0.86230831315577083,
    "FalsePositiveRate": 0.00085362425958505537,
    "RelAreaError": -0.097982243744955608,
    "Dice": 0.90673003479589243,
    "Jaccard": 0.82937432075764628,
    "CentroidEuclDistance": 4.0272699195230466
  },
  "Img_2": {
    "AreaSeg": 15433,
    "AreaGT": 18340,
    "PerimeterSeg": 462.03999999999991,
    "PerimeterGT": 509.55999999999989,
    "Precision": 0.97388712499190044,
    "Recall": 0.81952017448200654,
    "FalsePositiveRate": 0.00052467673143321376,
    "RelAreaError": -0.15850599781897493,
    "Dice": 0.89006010718621387,
    "Jaccard": 0.801899375766953,
    "CentroidEuclDistance": 12.066525154395544
  },
  "Img_3": {
    "AreaSeg": 19186,
    "AreaGT": 24126,
    "PerimeterSeg": 497.634,
    "PerimeterGT": 556.584,
    "Precision": 0.98921088293547377,
    "Recall": 0.78666169277957387,
    "FalsePositiveRate": 0.00027154449787880456,
    "RelAreaError": -0.20475835198540993,
    "Dice": 0.8763852973771703,
    "Jaccard": 0.77996958862450172,
    "CentroidEuclDistance": 10.169381116894954
  },
  "Img_4": {
    "AreaSeg": 3230,
    "AreaGT": 4089,
    "PerimeterSeg": 201.35399999999998,
    "PerimeterGT": 227.596,
    "Precision": 0.89226006191950469,
    "Recall": 0.70481780386402548,
    "FalsePositiveRate": 0.00084747620126098618,
    "RelAreaError": -0.21007581315725116,
    "Dice": 0.78753928132258511,
    "Jaccard": 0.64953797610998421,
    "CentroidEuclDistance": 10.394877062086742
  },
  "Img_5": {
    "AreaSeg": 4140,
    "AreaGT": 6942,
    "PerimeterSeg": 227.29,
    "PerimeterGT": 307.546,
    "Precision": 0.98236714975845407,
    "Recall": 0.58585422068568138,
    "FalsePositiveRate": 0.00025396957931504753,
    "RelAreaError": -0.40363007778738114,
    "Dice": 0.73398303555314925,
    "Jaccard": 0.57975766215253033,
    "CentroidEuclDistance": 10.75591767158436
  },
  "Img_6": {
    "AreaSeg": 4175,
    "AreaGT": 4465,
    "PerimeterSeg": 230.51399999999998,
    "PerimeterGT": 239.48200000000003,
    "Precision": 0.93796407185628738,
    "Recall": 0.877043673012318,
    "FalsePositiveRate": 0.00079438836696448564,
    "RelAreaError": -0.064949608062709968,
    "Dice": 0.90648148148148144,
    "Jaccard": 0.82895850973751062,
    "CentroidEuclDistance": 4.04745575643627
  },
  "Img_7": {
    "AreaSeg": 13983,
    "AreaGT": 16546,
    "PerimeterSeg": 437.36199999999997,
    "PerimeterGT": 483.02000000000004,
    "Precision": 0.9640277479796896,
    "Recall": 0.81469841653571862,
    "FalsePositiveRate": 0.00044511147254909945,
    "RelAreaError": -0.15490148676417262,
    "Dice": 0.883094762357103,
    "Jaccard": 0.79066220892720984,
    "CentroidEuclDistance": 5.5099999519651481
  },
  "Img_8": {
    "AreaSeg": 3001,
    "AreaGT": 3493,
    "PerimeterSeg": 194.738,
    "PerimeterGT": 209.11999999999998,
    "Precision": 0.97067644118627128,
    "Recall": 0.83395362152877184,
    "FalsePositiveRate": 0.00013210971712006821,
    "RelAreaError": -0.14085313484111078,
    "Dice": 0.89713581767785644,
    "Jaccard": 0.8134599273945825,
    "CentroidEuclDistance": 1.1591716220629344
  },
  "Img_9": {
    "AreaSeg": 25427,
    "AreaGT": 18228,
    "PerimeterSeg": 612.016,
    "PerimeterGT": 541.078,
    "Precision": 0.68230620993432178,
    "Recall": 0.9517774851876234,
    "FalsePositiveRate": 0.010515436003978111,
    "RelAreaError": 0.39494184770682467,
    "Dice": 0.79482304432481965,
    "Jaccard": 0.65950733672926332,
    "CentroidEuclDistance": 17.121829115266809
  },
  "Img_10": {
    "AreaSeg": 7774,
    "AreaGT": 12732,
    "PerimeterSeg": 315.832,
    "PerimeterGT": 409.08799999999997,
    "Precision": 0.99717005402624137,
    "Recall": 0.60885956644674832,
    "FalsePositiveRate": 2.8434793847744602E-5,
    "RelAreaError": -0.3894125039271128,
    "Dice": 0.756071393738418,
    "Jaccard": 0.60780931472479227,
    "CentroidEuclDistance": 14.141114064190491
  },
  "Img_11": {
    "AreaSeg": 15318,
    "AreaGT": 13310,
    "PerimeterSeg": 442.044,
    "PerimeterGT": 412.75199999999995,
    "Precision": 0.86140488314401353,
    "Recall": 0.9913598797896318,
    "FalsePositiveRate": 0.0027460090386769486,
    "RelAreaError": 0.1508640120210368,
    "Dice": 0.92182478692189462,
    "Jaccard": 0.8549860688135813,
    "CentroidEuclDistance": 2.6965738900575973
  },
  "overall_results": {
    "AreaSeg": 10661.124885624729,
    "AreaGT": 11678.727272727272,
    "PerimeterSeg": 353.416606815324,
    "PerimeterGT": 380.02636363636356,
    "Precision": 0.927222739819432,
    "Recall": 0.80313031635485166,
    "FalsePositiveRate": 0.0015952870853946418,
    "RelAreaError": -0.11599073122120267,
    "Dice": 0.84997302732111979,
    "Jaccard": 0.744805752626648,
    "CentroidEuclDistance": 8.4446592600710044
  }
}
